status,recovered_abs_path,destination_path,action,confidence,reviewer_note,phase2_decision
candidate_match,/System/Volumes/Data/Users/seanburdges/RECOVERY_STAGED_2026-02-18/zip_extract/My Mac/Desktop/KmiDi-remote/models/emotionrecognizer.json,models/emotionrecognizer.json,manual_review_required,0.9500,high_confidence_heuristic,approved_auto_apply
candidate_match,/System/Volumes/Data/Users/seanburdges/RECOVERY_STAGED_2026-02-18/zip_extract/My Mac/Desktop/KmiDi-remote/models/registry.json,models/registry.json,manual_review_required,0.9974,high_confidence_heuristic,approved_auto_apply
candidate_match,/Volumes/KmiDi-external/KmiDi_MASTER_VAULTEXTERNAL/KmiDi/legacy/RECOVERY_SOURCE/Datasets_Project/KmiDi/CMakeLists.txt,CMakeLists.txt,manual_review_required,0.9797,high_confidence_heuristic,approved_auto_apply
candidate_match,/Volumes/KmiDi-external/KmiDi_MASTER_VAULTEXTERNAL/KmiDi/legacy/RECOVERY_SOURCE/Datasets_Project/KmiDi/ML Kelly Training/train_mps_stub.py,ML Kelly Training/train_mps_stub.py,manual_review_required,1.0000,high_confidence_heuristic,approved_auto_apply
candidate_match,/Volumes/KmiDi-external/KmiDi_MASTER_VAULTEXTERNAL/KmiDi/legacy/RECOVERY_SOURCE/Datasets_Project/KmiDi/README.md,README.md,manual_review_required,0.9933,high_confidence_heuristic,approved_auto_apply
candidate_match,/Volumes/KmiDi-external/KmiDi_MASTER_VAULTEXTERNAL/KmiDi/legacy/RECOVERY_SOURCE/Datasets_Project/KmiDi/bindings/CMakeLists.txt,bindings/CMakeLists.txt,manual_review_required,0.9984,high_confidence_heuristic,approved_auto_apply
candidate_match,/Volumes/KmiDi-external/KmiDi_MASTER_VAULTEXTERNAL/KmiDi/legacy/RECOVERY_SOURCE/Datasets_Project/KmiDi/bindings/groove_bindings.cpp,bindings/groove_bindings.cpp,manual_review_required,0.9985,high_confidence_heuristic,approved_auto_apply
candidate_match,/Volumes/KmiDi-external/KmiDi_MASTER_VAULTEXTERNAL/KmiDi/legacy/RECOVERY_SOURCE/Datasets_Project/KmiDi/bindings/osc_bindings.cpp,bindings/osc_bindings.cpp,manual_review_required,0.9995,high_confidence_heuristic,approved_auto_apply
candidate_match,/Volumes/KmiDi-external/KmiDi_MASTER_VAULTEXTERNAL/KmiDi/legacy/RECOVERY_SOURCE/Datasets_Project/KmiDi/config/emotion_recognizer.yaml,configs/emotion_recognizer.yaml,manual_review_required,0.9652,high_confidence_heuristic,approved_auto_apply
candidate_match,/Volumes/KmiDi-external/KmiDi_MASTER_VAULTEXTERNAL/KmiDi/legacy/RECOVERY_SOURCE/Datasets_Project/KmiDi/configs/__init__.py,configs/__init__.py,manual_review_required,1.0000,high_confidence_heuristic,approved_auto_apply
candidate_match,/Volumes/KmiDi-external/KmiDi_MASTER_VAULTEXTERNAL/KmiDi/legacy/RECOVERY_SOURCE/Datasets_Project/KmiDi/configs/config_loader.py,configs/config_loader.py,manual_review_required,0.9990,high_confidence_heuristic,approved_auto_apply
candidate_match,/Volumes/KmiDi-external/KmiDi_MASTER_VAULTEXTERNAL/KmiDi/legacy/RECOVERY_SOURCE/Datasets_Project/KmiDi/docs/ARCHITECTURE.md,docs/ARCHITECTURE.md,manual_review_required,0.9559,high_confidence_heuristic,approved_auto_apply
candidate_match,/Volumes/KmiDi-external/KmiDi_MASTER_VAULTEXTERNAL/KmiDi/legacy/RECOVERY_SOURCE/Datasets_Project/KmiDi/include/daiw/memory.hpp,include/daiw/memory.hpp,manual_review_required,0.9993,high_confidence_heuristic,approved_auto_apply
candidate_match,/Volumes/KmiDi-external/KmiDi_MASTER_VAULTEXTERNAL/KmiDi/legacy/RECOVERY_SOURCE/Datasets_Project/KmiDi/include/daiw/midi/MidiSequence.h,include/daiw/midi/MidiSequence.h,manual_review_required,0.9996,high_confidence_heuristic,approved_auto_apply
candidate_match,/Volumes/KmiDi-external/KmiDi_MASTER_VAULTEXTERNAL/KmiDi/legacy/RECOVERY_SOURCE/Datasets_Project/KmiDi/include/penta/common/Platform.h,include/penta/common/Platform.h,manual_review_required,0.9808,high_confidence_heuristic,approved_auto_apply
candidate_match,/Volumes/KmiDi-external/KmiDi_MASTER_VAULTEXTERNAL/KmiDi/legacy/RECOVERY_SOURCE/Datasets_Project/KmiDi/include/penta/diagnostics/AudioAnalyzer.h,include/penta/diagnostics/AudioAnalyzer.h,manual_review_required,0.9986,high_confidence_heuristic,approved_auto_apply
candidate_match,/Volumes/KmiDi-external/KmiDi_MASTER_VAULTEXTERNAL/KmiDi/legacy/RECOVERY_SOURCE/Datasets_Project/KmiDi/include/penta/diagnostics/PerformanceMonitor.h,include/penta/diagnostics/PerformanceMonitor.h,manual_review_required,0.9988,high_confidence_heuristic,approved_auto_apply
candidate_match,/Volumes/KmiDi-external/KmiDi_MASTER_VAULTEXTERNAL/KmiDi/legacy/RECOVERY_SOURCE/Datasets_Project/KmiDi/include/penta/groove/GrooveEngine.h,include/penta/groove/GrooveEngine.h,manual_review_required,0.9996,high_confidence_heuristic,approved_auto_apply
candidate_match,/Volumes/KmiDi-external/KmiDi_MASTER_VAULTEXTERNAL/KmiDi/legacy/RECOVERY_SOURCE/Datasets_Project/KmiDi/include/penta/groove/OnsetDetector.h,include/penta/groove/OnsetDetector.h,manual_review_required,0.9868,high_confidence_heuristic,approved_auto_apply
candidate_match,/Volumes/KmiDi-external/KmiDi_MASTER_VAULTEXTERNAL/KmiDi/legacy/RECOVERY_SOURCE/Datasets_Project/KmiDi/include/penta/groove/RhythmQuantizer.h,include/penta/groove/RhythmQuantizer.h,manual_review_required,0.9898,high_confidence_heuristic,approved_auto_apply
candidate_match,/Volumes/KmiDi-external/KmiDi_MASTER_VAULTEXTERNAL/KmiDi/legacy/RECOVERY_SOURCE/Datasets_Project/KmiDi/include/penta/harmony/HarmonyEngine.h,include/penta/harmony/HarmonyEngine.h,manual_review_required,0.9928,high_confidence_heuristic,approved_auto_apply
candidate_match,/Volumes/KmiDi-external/KmiDi_MASTER_VAULTEXTERNAL/KmiDi/legacy/RECOVERY_SOURCE/Datasets_Project/KmiDi/include/penta/osc/OSCClient.h,include/penta/osc/OSCClient.h,manual_review_required,0.9968,high_confidence_heuristic,approved_auto_apply
candidate_match,/Volumes/KmiDi-external/KmiDi_MASTER_VAULTEXTERNAL/KmiDi/legacy/RECOVERY_SOURCE/Datasets_Project/KmiDi/include/penta/osc/OSCHub.h,include/penta/osc/OSCHub.h,manual_review_required,0.9969,high_confidence_heuristic,approved_auto_apply
candidate_match,/Volumes/KmiDi-external/KmiDi_MASTER_VAULTEXTERNAL/KmiDi/legacy/RECOVERY_SOURCE/Datasets_Project/KmiDi/include/penta/osc/OSCMessage.h,include/penta/osc/OSCMessage.h,manual_review_required,0.9805,high_confidence_heuristic,approved_auto_apply
candidate_match,/Volumes/KmiDi-external/KmiDi_MASTER_VAULTEXTERNAL/KmiDi/legacy/RECOVERY_SOURCE/Datasets_Project/KmiDi/include/penta/osc/OSCServer.h,include/penta/osc/OSCServer.h,manual_review_required,0.9885,high_confidence_heuristic,approved_auto_apply
candidate_match,/Volumes/KmiDi-external/KmiDi_MASTER_VAULTEXTERNAL/KmiDi/legacy/RECOVERY_SOURCE/Datasets_Project/KmiDi/include/penta/osc/RTMessageQueue.h,include/penta/osc/RTMessageQueue.h,manual_review_required,0.9877,high_confidence_heuristic,approved_auto_apply
candidate_match,/Volumes/KmiDi-external/KmiDi_MASTER_VAULTEXTERNAL/KmiDi/legacy/RECOVERY_SOURCE/Datasets_Project/KmiDi/music_brain/__init__.py,music_brain/__init__.py,manual_review_required,0.9592,high_confidence_heuristic,approved_auto_apply
candidate_match,/Volumes/KmiDi-external/KmiDi_MASTER_VAULTEXTERNAL/KmiDi/legacy/RECOVERY_SOURCE/Datasets_Project/KmiDi/music_brain/api.py,music_brain/api.py,manual_review_required,0.9691,high_confidence_heuristic,approved_auto_apply
candidate_match,/Volumes/KmiDi-external/KmiDi_MASTER_VAULTEXTERNAL/KmiDi/legacy/RECOVERY_SOURCE/Datasets_Project/KmiDi/music_brain/emotion/__init__.py,music_brain/emotion/__init__.py,manual_review_required,0.9992,high_confidence_heuristic,approved_auto_apply
candidate_match,/Volumes/KmiDi-external/KmiDi_MASTER_VAULTEXTERNAL/KmiDi/legacy/RECOVERY_SOURCE/Datasets_Project/KmiDi/music_brain/emotion/emotion_production.py,music_brain/emotion/emotion_production.py,manual_review_required,0.9622,high_confidence_heuristic,approved_auto_apply
candidate_match,/Volumes/KmiDi-external/KmiDi_MASTER_VAULTEXTERNAL/KmiDi/legacy/RECOVERY_SOURCE/Datasets_Project/KmiDi/music_brain/emotion_kmidi/__init__.py,music_brain/emotion/__init__.py,manual_review_required,0.9378,high_confidence_heuristic,approved_auto_apply
candidate_match,/Volumes/KmiDi-external/KmiDi_MASTER_VAULTEXTERNAL/KmiDi/legacy/RECOVERY_SOURCE/Datasets_Project/KmiDi/music_brain/emotion_scale/__init__.py,music_brain/emotion/__init__.py,manual_review_required,0.9380,high_confidence_heuristic,approved_auto_apply
candidate_match,/Volumes/KmiDi-external/KmiDi_MASTER_VAULTEXTERNAL/KmiDi/legacy/RECOVERY_SOURCE/Datasets_Project/KmiDi/music_brain/groove_kmidi/__init__.py,music_brain/groove/__init__.py,manual_review_required,0.9282,high_confidence_heuristic,approved_auto_apply
candidate_match,/Volumes/KmiDi-external/KmiDi_MASTER_VAULTEXTERNAL/KmiDi/legacy/RECOVERY_SOURCE/Datasets_Project/KmiDi/music_brain/groove_kmidi/extractor.py,music_brain/groove/extractor.py,manual_review_required,0.9350,high_confidence_heuristic,approved_auto_apply
candidate_match,/Volumes/KmiDi-external/KmiDi_MASTER_VAULTEXTERNAL/KmiDi/legacy/RECOVERY_SOURCE/Datasets_Project/KmiDi/music_brain/groove_kmidi/groove_engine.py,music_brain/groove/groove_engine.py,manual_review_required,0.9348,high_confidence_heuristic,approved_auto_apply
candidate_match,/Volumes/KmiDi-external/KmiDi_MASTER_VAULTEXTERNAL/KmiDi/legacy/RECOVERY_SOURCE/Datasets_Project/KmiDi/music_brain/groove_kmidi/templates.py,music_brain/groove/templates.py,manual_review_required,0.9322,high_confidence_heuristic,approved_auto_apply
candidate_match,/Volumes/KmiDi-external/KmiDi_MASTER_VAULTEXTERNAL/KmiDi/legacy/RECOVERY_SOURCE/Datasets_Project/KmiDi/music_brain/integrations/__init__.py,music_brain/integrations/__init__.py,manual_review_required,0.9645,high_confidence_heuristic,approved_auto_apply
candidate_match,/Volumes/KmiDi-external/KmiDi_MASTER_VAULTEXTERNAL/KmiDi/legacy/RECOVERY_SOURCE/Datasets_Project/KmiDi/music_brain/integrations/penta_core.py,music_brain/integrations/penta_core.py,manual_review_required,0.9624,high_confidence_heuristic,approved_auto_apply
candidate_match,/Volumes/KmiDi-external/KmiDi_MASTER_VAULTEXTERNAL/KmiDi/legacy/RECOVERY_SOURCE/Datasets_Project/KmiDi/music_brain/intelligence/__init__.py,music_brain/intelligence/__init__.py,manual_review_required,0.9805,high_confidence_heuristic,approved_auto_apply
candidate_match,/Volumes/KmiDi-external/KmiDi_MASTER_VAULTEXTERNAL/KmiDi/legacy/RECOVERY_SOURCE/Datasets_Project/KmiDi/music_brain/learning/__init__.py,music_brain/learning/__init__.py,manual_review_required,0.9952,high_confidence_heuristic,approved_auto_apply
candidate_match,/Volumes/KmiDi-external/KmiDi_MASTER_VAULTEXTERNAL/KmiDi/legacy/RECOVERY_SOURCE/Datasets_Project/KmiDi/music_brain/learning/music_learning_manager.py,music_brain/learning/music_learning_manager.py,manual_review_required,0.9927,high_confidence_heuristic,approved_auto_apply
candidate_match,/Volumes/KmiDi-external/KmiDi_MASTER_VAULTEXTERNAL/KmiDi/legacy/RECOVERY_SOURCE/Datasets_Project/KmiDi/music_brain/orchestrator/__init__.py,music_brain/orchestrator/__init__.py,manual_review_required,0.9941,high_confidence_heuristic,approved_auto_apply
candidate_match,/Volumes/KmiDi-external/KmiDi_MASTER_VAULTEXTERNAL/KmiDi/legacy/RECOVERY_SOURCE/Datasets_Project/KmiDi/music_brain/production/drum_humanizer.py,music_brain/production/drum_humanizer.py,manual_review_required,0.9677,high_confidence_heuristic,approved_auto_apply
candidate_match,/Volumes/KmiDi-external/KmiDi_MASTER_VAULTEXTERNAL/KmiDi/legacy/RECOVERY_SOURCE/Datasets_Project/KmiDi/music_brain/production/dynamics_engine.py,music_brain/production/dynamics_engine.py,manual_review_required,0.9618,high_confidence_heuristic,approved_auto_apply
candidate_match,/Volumes/KmiDi-external/KmiDi_MASTER_VAULTEXTERNAL/KmiDi/legacy/RECOVERY_SOURCE/Datasets_Project/KmiDi/music_brain/session/__init__.py,music_brain/session/__init__.py,manual_review_required,0.9895,high_confidence_heuristic,approved_auto_apply
candidate_match,/Volumes/KmiDi-external/KmiDi_MASTER_VAULTEXTERNAL/KmiDi/legacy/RECOVERY_SOURCE/Datasets_Project/KmiDi/music_brain/session/intent_schema.py,music_brain/session/intent_schema.py,manual_review_required,0.9947,high_confidence_heuristic,approved_auto_apply
candidate_match,/Volumes/KmiDi-external/KmiDi_MASTER_VAULTEXTERNAL/KmiDi/legacy/RECOVERY_SOURCE/Datasets_Project/KmiDi/music_brain/structure/comprehensive_engine.py,music_brain/structure/comprehensive_engine.py,manual_review_required,0.9778,high_confidence_heuristic,approved_auto_apply
candidate_match,/Volumes/KmiDi-external/KmiDi_MASTER_VAULTEXTERNAL/KmiDi/legacy/RECOVERY_SOURCE/Datasets_Project/KmiDi/music_brain/voice/modulator.py,music_brain/voice/modulator.py,manual_review_required,0.9609,high_confidence_heuristic,approved_auto_apply
candidate_match,/Volumes/KmiDi-external/KmiDi_MASTER_VAULTEXTERNAL/KmiDi/legacy/RECOVERY_SOURCE/Datasets_Project/KmiDi/music_brain/voice/synthesizer.py,music_brain/voice/synthesizer.py,manual_review_required,0.9673,high_confidence_heuristic,approved_auto_apply
candidate_match,/Volumes/KmiDi-external/KmiDi_MASTER_VAULTEXTERNAL/KmiDi/legacy/RECOVERY_SOURCE/Datasets_Project/KmiDi/package.json,package.json,manual_review_required,0.9749,high_confidence_heuristic,approved_auto_apply
candidate_match,/Volumes/KmiDi-external/KmiDi_MASTER_VAULTEXTERNAL/KmiDi/legacy/RECOVERY_SOURCE/Datasets_Project/KmiDi/python/penta_core/ml/__init__.py,python/penta_core/ml/__init__.py,manual_review_required,0.9885,high_confidence_heuristic,approved_auto_apply
candidate_match,/Volumes/KmiDi-external/KmiDi_MASTER_VAULTEXTERNAL/KmiDi/legacy/RECOVERY_SOURCE/Datasets_Project/KmiDi/python/penta_core/ml/async_inference.py,python/penta_core/ml/inference.py,manual_review_required,0.9303,high_confidence_heuristic,approved_auto_apply
candidate_match,/Volumes/KmiDi-external/KmiDi_MASTER_VAULTEXTERNAL/KmiDi/legacy/RECOVERY_SOURCE/Datasets_Project/KmiDi/python/penta_core/ml/inference.py,python/penta_core/ml/inference.py,manual_review_required,0.9931,high_confidence_heuristic,approved_auto_apply
candidate_match,/Volumes/KmiDi-external/KmiDi_MASTER_VAULTEXTERNAL/KmiDi/legacy/RECOVERY_SOURCE/Datasets_Project/KmiDi/python/penta_core/ml/model_registry.py,python/penta_core/ml/model_registry.py,manual_review_required,0.9819,high_confidence_heuristic,approved_auto_apply
candidate_match,/Volumes/KmiDi-external/KmiDi_MASTER_VAULTEXTERNAL/KmiDi/legacy/RECOVERY_SOURCE/Datasets_Project/KmiDi/src-tauri/Cargo.toml,src-tauri/Cargo.toml,manual_review_required,0.9917,high_confidence_heuristic,approved_auto_apply
candidate_match,/Volumes/KmiDi-external/KmiDi_MASTER_VAULTEXTERNAL/KmiDi/legacy/RECOVERY_SOURCE/Datasets_Project/KmiDi/src-tauri/src/bridge/mod.rs,src-tauri/src/bridge/mod.rs,manual_review_required,0.9756,high_confidence_heuristic,approved_auto_apply
candidate_match,/Volumes/KmiDi-external/KmiDi_MASTER_VAULTEXTERNAL/KmiDi/legacy/RECOVERY_SOURCE/Datasets_Project/KmiDi/src-tauri/src/commands.rs,src-tauri/src/commands.rs,manual_review_required,0.9598,high_confidence_heuristic,approved_auto_apply
candidate_match,/Volumes/KmiDi-external/KmiDi_MASTER_VAULTEXTERNAL/KmiDi/legacy/RECOVERY_SOURCE/Datasets_Project/KmiDi/src-tauri/src/lib.rs,src-tauri/src/lib.rs,manual_review_required,0.9953,high_confidence_heuristic,approved_auto_apply
candidate_match,/Volumes/KmiDi-external/KmiDi_MASTER_VAULTEXTERNAL/KmiDi/legacy/RECOVERY_SOURCE/Datasets_Project/KmiDi/src-tauri/src/main.rs,src-tauri/src/main.rs,manual_review_required,0.9588,high_confidence_heuristic,approved_auto_apply
candidate_match,/Volumes/KmiDi-external/KmiDi_MASTER_VAULTEXTERNAL/KmiDi/legacy/RECOVERY_SOURCE/Datasets_Project/KmiDi/src/BridgeClient.cpp,src/BridgeClient.cpp,manual_review_required,0.9999,high_confidence_heuristic,approved_auto_apply
candidate_match,/Volumes/KmiDi-external/KmiDi_MASTER_VAULTEXTERNAL/KmiDi/legacy/RECOVERY_SOURCE/Datasets_Project/KmiDi/src/VoiceProcessor.cpp,src/VoiceProcessor.cpp,manual_review_required,0.9998,high_confidence_heuristic,approved_auto_apply
candidate_match,/Volumes/KmiDi-external/KmiDi_MASTER_VAULTEXTERNAL/KmiDi/legacy/RECOVERY_SOURCE/Datasets_Project/KmiDi/src/audio/AudioFile.cpp,src/audio/AudioFile.cpp,manual_review_required,0.9995,high_confidence_heuristic,approved_auto_apply
candidate_match,/Volumes/KmiDi-external/KmiDi_MASTER_VAULTEXTERNAL/KmiDi/legacy/RECOVERY_SOURCE/Datasets_Project/KmiDi/src/audio/SpectralAnalyzer.cpp,src/audio/SpectralAnalyzer.cpp,manual_review_required,0.9969,high_confidence_heuristic,approved_auto_apply
candidate_match,/Volumes/KmiDi-external/KmiDi_MASTER_VAULTEXTERNAL/KmiDi/legacy/RECOVERY_SOURCE/Datasets_Project/KmiDi/src/core/memory.cpp,src/core/memory.cpp,manual_review_required,0.9992,high_confidence_heuristic,approved_auto_apply
candidate_match,/Volumes/KmiDi-external/KmiDi_MASTER_VAULTEXTERNAL/KmiDi/legacy/RECOVERY_SOURCE/Datasets_Project/KmiDi/src/cpp_music_brain/dsp/dsp.cpp,cpp_music_brain/src/dsp/dsp.cpp,manual_review_required,0.9214,high_confidence_heuristic,approved_auto_apply
candidate_match,/Volumes/KmiDi-external/KmiDi_MASTER_VAULTEXTERNAL/KmiDi/legacy/RECOVERY_SOURCE/Datasets_Project/KmiDi/src/cpp_music_brain/midi/groove.cpp,cpp_music_brain/src/midi/groove.cpp,manual_review_required,0.9246,high_confidence_heuristic,approved_auto_apply
candidate_match,/Volumes/KmiDi-external/KmiDi_MASTER_VAULTEXTERNAL/KmiDi/legacy/RECOVERY_SOURCE/Datasets_Project/KmiDi/src/cpp_music_brain/midi/humanizer.cpp,cpp_music_brain/src/midi/humanizer.cpp,manual_review_required,0.9247,high_confidence_heuristic,approved_auto_apply
candidate_match,/Volumes/KmiDi-external/KmiDi_MASTER_VAULTEXTERNAL/KmiDi/legacy/RECOVERY_SOURCE/Datasets_Project/KmiDi/src/dsp/audio_buffer.cpp,src/dsp/audio_buffer.cpp,manual_review_required,0.9991,high_confidence_heuristic,approved_auto_apply
candidate_match,/Volumes/KmiDi-external/KmiDi_MASTER_VAULTEXTERNAL/KmiDi/legacy/RECOVERY_SOURCE/Datasets_Project/KmiDi/src/engine/AdaptiveGenerator.cpp,src/engine/AdaptiveGenerator.cpp,manual_review_required,0.9695,high_confidence_heuristic,approved_auto_apply
candidate_match,/Volumes/KmiDi-external/KmiDi_MASTER_VAULTEXTERNAL/KmiDi/legacy/RECOVERY_SOURCE/Datasets_Project/KmiDi/src/engine/AdaptiveGenerator.h,src/engine/AdaptiveGenerator.h,manual_review_required,0.9921,high_confidence_heuristic,approved_auto_apply
candidate_match,/Volumes/KmiDi-external/KmiDi_MASTER_VAULTEXTERNAL/KmiDi/legacy/RECOVERY_SOURCE/Datasets_Project/KmiDi/src/engine/EmotionMapper.h,src/engine/EmotionMapper.h,manual_review_required,0.9988,high_confidence_heuristic,approved_auto_apply
candidate_match,/Volumes/KmiDi-external/KmiDi_MASTER_VAULTEXTERNAL/KmiDi/legacy/RECOVERY_SOURCE/Datasets_Project/KmiDi/src/engine/HybridCoupling.cpp,src/engine/HybridCoupling.cpp,manual_review_required,0.9991,high_confidence_heuristic,approved_auto_apply
candidate_match,/Volumes/KmiDi-external/KmiDi_MASTER_VAULTEXTERNAL/KmiDi/legacy/RECOVERY_SOURCE/Datasets_Project/KmiDi/src/engine/IntentPipeline.cpp,src/engine/IntentPipeline.cpp,manual_review_required,0.9767,high_confidence_heuristic,approved_auto_apply
candidate_match,/Volumes/KmiDi-external/KmiDi_MASTER_VAULTEXTERNAL/KmiDi/legacy/RECOVERY_SOURCE/Datasets_Project/KmiDi/src/engine/IntentPipeline.h,src/engine/IntentPipeline.h,manual_review_required,0.9862,high_confidence_heuristic,approved_auto_apply
candidate_match,/Volumes/KmiDi-external/KmiDi_MASTER_VAULTEXTERNAL/KmiDi/legacy/RECOVERY_SOURCE/Datasets_Project/KmiDi/src/engine/KellyBrain.cpp,src/engine/KellyBrain.cpp,manual_review_required,0.9820,high_confidence_heuristic,approved_auto_apply
candidate_match,/Volumes/KmiDi-external/KmiDi_MASTER_VAULTEXTERNAL/KmiDi/legacy/RECOVERY_SOURCE/Datasets_Project/KmiDi/src/engine/KellyBrain.h,src/engine/KellyBrain.h,manual_review_required,0.9896,high_confidence_heuristic,approved_auto_apply
candidate_match,/Volumes/KmiDi-external/KmiDi_MASTER_VAULTEXTERNAL/KmiDi/legacy/RECOVERY_SOURCE/Datasets_Project/KmiDi/src/engine/MidiKompanionBrain.h,src/engine/MidiKompanionBrain.h,manual_review_required,0.9862,high_confidence_heuristic,approved_auto_apply
candidate_match,/Volumes/KmiDi-external/KmiDi_MASTER_VAULTEXTERNAL/KmiDi/legacy/RECOVERY_SOURCE/Datasets_Project/KmiDi/src/engine/NetworkDynamics.cpp,src/engine/NetworkDynamics.cpp,manual_review_required,0.9997,high_confidence_heuristic,approved_auto_apply
candidate_match,/Volumes/KmiDi-external/KmiDi_MASTER_VAULTEXTERNAL/KmiDi/legacy/RECOVERY_SOURCE/Datasets_Project/KmiDi/src/engine/NetworkDynamics.h,src/engine/NetworkDynamics.h,manual_review_required,0.9993,high_confidence_heuristic,approved_auto_apply
candidate_match,/Volumes/KmiDi-external/KmiDi_MASTER_VAULTEXTERNAL/KmiDi/legacy/RECOVERY_SOURCE/Datasets_Project/KmiDi/src/engine/OSCOutputGenerator.h,src/engine/OSCOutputGenerator.h,manual_review_required,0.9999,high_confidence_heuristic,approved_auto_apply
candidate_match,/Volumes/KmiDi-external/KmiDi_MASTER_VAULTEXTERNAL/KmiDi/legacy/RECOVERY_SOURCE/Datasets_Project/KmiDi/src/engine/QuantumEntropy.cpp,src/engine/QuantumEntropy.cpp,manual_review_required,0.9997,high_confidence_heuristic,approved_auto_apply
candidate_match,/Volumes/KmiDi-external/KmiDi_MASTER_VAULTEXTERNAL/KmiDi/legacy/RECOVERY_SOURCE/Datasets_Project/KmiDi/src/engine/QuantumEntropy.h,src/engine/QuantumEntropy.h,manual_review_required,1.0000,high_confidence_heuristic,approved_auto_apply
candidate_match,/Volumes/KmiDi-external/KmiDi_MASTER_VAULTEXTERNAL/KmiDi/legacy/RECOVERY_SOURCE/Datasets_Project/KmiDi/src/engine/QuantumVADSystem.cpp,src/engine/QuantumVADSystem.cpp,manual_review_required,0.9991,high_confidence_heuristic,approved_auto_apply
candidate_match,/Volumes/KmiDi-external/KmiDi_MASTER_VAULTEXTERNAL/KmiDi/legacy/RECOVERY_SOURCE/Datasets_Project/KmiDi/src/engine/QuantumVADSystem.h,src/engine/QuantumVADSystem.h,manual_review_required,0.9990,high_confidence_heuristic,approved_auto_apply
candidate_match,/Volumes/KmiDi-external/KmiDi_MASTER_VAULTEXTERNAL/KmiDi/legacy/RECOVERY_SOURCE/Datasets_Project/KmiDi/src/engine/TemporalMemory.h,src/engine/TemporalMemory.h,manual_review_required,1.0000,high_confidence_heuristic,approved_auto_apply
candidate_match,/Volumes/KmiDi-external/KmiDi_MASTER_VAULTEXTERNAL/KmiDi/legacy/RECOVERY_SOURCE/Datasets_Project/KmiDi/src/engine/TimeSpacePropagation.cpp,src/engine/TimeSpacePropagation.cpp,manual_review_required,0.9992,high_confidence_heuristic,approved_auto_apply
candidate_match,/Volumes/KmiDi-external/KmiDi_MASTER_VAULTEXTERNAL/KmiDi/legacy/RECOVERY_SOURCE/Datasets_Project/KmiDi/src/engine/VADCalculator.h,src/engine/VADCalculator.h,manual_review_required,0.9992,high_confidence_heuristic,approved_auto_apply
candidate_match,/Volumes/KmiDi-external/KmiDi_MASTER_VAULTEXTERNAL/KmiDi/legacy/RECOVERY_SOURCE/Datasets_Project/KmiDi/src/engine/VADSystem.cpp,src/engine/VADSystem.cpp,manual_review_required,0.9997,high_confidence_heuristic,approved_auto_apply
candidate_match,/Volumes/KmiDi-external/KmiDi_MASTER_VAULTEXTERNAL/KmiDi/legacy/RECOVERY_SOURCE/Datasets_Project/KmiDi/src/engine/VADSystem.h,src/engine/VADSystem.h,manual_review_required,0.9972,high_confidence_heuristic,approved_auto_apply
candidate_match,/Volumes/KmiDi-external/KmiDi_MASTER_VAULTEXTERNAL/KmiDi/legacy/RECOVERY_SOURCE/Datasets_Project/KmiDi/src/engines/BassEngine.cpp,src/engines/BassEngine.cpp,manual_review_required,0.9962,high_confidence_heuristic,approved_auto_apply
candidate_match,/Volumes/KmiDi-external/KmiDi_MASTER_VAULTEXTERNAL/KmiDi/legacy/RECOVERY_SOURCE/Datasets_Project/KmiDi/src/engines/BassEngine.h,src/engines/BassEngine.h,manual_review_required,0.9955,high_confidence_heuristic,approved_auto_apply
candidate_match,/Volumes/KmiDi-external/KmiDi_MASTER_VAULTEXTERNAL/KmiDi/legacy/RECOVERY_SOURCE/Datasets_Project/KmiDi/src/engines/DrumGrooveEngine.cpp,src/engines/DrumGrooveEngine.cpp,manual_review_required,0.9912,high_confidence_heuristic,approved_auto_apply
candidate_match,/Volumes/KmiDi-external/KmiDi_MASTER_VAULTEXTERNAL/KmiDi/legacy/RECOVERY_SOURCE/Datasets_Project/KmiDi/src/engines/DrumGrooveEngine.h,src/engines/DrumGrooveEngine.h,manual_review_required,0.9929,high_confidence_heuristic,approved_auto_apply
candidate_match,/Volumes/KmiDi-external/KmiDi_MASTER_VAULTEXTERNAL/KmiDi/legacy/RECOVERY_SOURCE/Datasets_Project/KmiDi/src/engines/DynamicsEngine.cpp,src/engines/DynamicsEngine.cpp,manual_review_required,0.9946,high_confidence_heuristic,approved_auto_apply
candidate_match,/Volumes/KmiDi-external/KmiDi_MASTER_VAULTEXTERNAL/KmiDi/legacy/RECOVERY_SOURCE/Datasets_Project/KmiDi/src/engines/DynamicsEngine.h,src/engines/DynamicsEngine.h,manual_review_required,0.9956,high_confidence_heuristic,approved_auto_apply
candidate_match,/Volumes/KmiDi-external/KmiDi_MASTER_VAULTEXTERNAL/KmiDi/legacy/RECOVERY_SOURCE/Datasets_Project/KmiDi/src/engines/MelodyEngine.cpp,src/engines/MelodyEngine.cpp,manual_review_required,0.9955,high_confidence_heuristic,approved_auto_apply
candidate_match,/Volumes/KmiDi-external/KmiDi_MASTER_VAULTEXTERNAL/KmiDi/legacy/RECOVERY_SOURCE/Datasets_Project/KmiDi/src/engines/MelodyEngine.h,src/engines/MelodyEngine.h,manual_review_required,0.9962,high_confidence_heuristic,approved_auto_apply
candidate_match,/Volumes/KmiDi-external/KmiDi_MASTER_VAULTEXTERNAL/KmiDi/legacy/RECOVERY_SOURCE/Datasets_Project/KmiDi/src/engines/PadEngine.cpp,src/engines/PadEngine.cpp,manual_review_required,0.9935,high_confidence_heuristic,approved_auto_apply
candidate_match,/Volumes/KmiDi-external/KmiDi_MASTER_VAULTEXTERNAL/KmiDi/legacy/RECOVERY_SOURCE/Datasets_Project/KmiDi/src/engines/PadEngine.h,src/engines/PadEngine.h,manual_review_required,0.9936,high_confidence_heuristic,approved_auto_apply
candidate_match,/Volumes/KmiDi-external/KmiDi_MASTER_VAULTEXTERNAL/KmiDi/legacy/RECOVERY_SOURCE/Datasets_Project/KmiDi/src/export/StemExporter.cpp,src/export/StemExporter.cpp,manual_review_required,0.9999,high_confidence_heuristic,approved_auto_apply
candidate_match,/Volumes/KmiDi-external/KmiDi_MASTER_VAULTEXTERNAL/KmiDi/legacy/RECOVERY_SOURCE/Datasets_Project/KmiDi/src/groove/GrooveEngine.cpp,src/groove/GrooveEngine.cpp,manual_review_required,0.9589,high_confidence_heuristic,approved_auto_apply
candidate_match,/Volumes/KmiDi-external/KmiDi_MASTER_VAULTEXTERNAL/KmiDi/legacy/RECOVERY_SOURCE/Datasets_Project/KmiDi/src/groove/OnsetDetector.cpp,src/groove/OnsetDetector.cpp,manual_review_required,0.9664,high_confidence_heuristic,approved_auto_apply
candidate_match,/Volumes/KmiDi-external/KmiDi_MASTER_VAULTEXTERNAL/KmiDi/legacy/RECOVERY_SOURCE/Datasets_Project/KmiDi/src/groove/RhythmQuantizer.cpp,src/groove/RhythmQuantizer.cpp,manual_review_required,0.9729,high_confidence_heuristic,approved_auto_apply
candidate_match,/Volumes/KmiDi-external/KmiDi_MASTER_VAULTEXTERNAL/KmiDi/legacy/RECOVERY_SOURCE/Datasets_Project/KmiDi/src/gui/main_window.cpp,src/gui/main_window.cpp,manual_review_required,0.9760,high_confidence_heuristic,approved_auto_apply
candidate_match,/Volumes/KmiDi-external/KmiDi_MASTER_VAULTEXTERNAL/KmiDi/legacy/RECOVERY_SOURCE/Datasets_Project/KmiDi/src/harmony/HarmonyEngine.cpp,src/harmony/HarmonyEngine.cpp,manual_review_required,0.9806,high_confidence_heuristic,approved_auto_apply
candidate_match,/Volumes/KmiDi-external/KmiDi_MASTER_VAULTEXTERNAL/KmiDi/legacy/RECOVERY_SOURCE/Datasets_Project/KmiDi/src/learning/PreferenceTracker.cpp,src/learning/PreferenceTracker.cpp,manual_review_required,0.9908,high_confidence_heuristic,approved_auto_apply
candidate_match,/Volumes/KmiDi-external/KmiDi_MASTER_VAULTEXTERNAL/KmiDi/legacy/RECOVERY_SOURCE/Datasets_Project/KmiDi/src/learning/PreferenceTracker.h,src/learning/PreferenceTracker.h,manual_review_required,0.9980,high_confidence_heuristic,approved_auto_apply
candidate_match,/Volumes/KmiDi-external/KmiDi_MASTER_VAULTEXTERNAL/KmiDi/legacy/RECOVERY_SOURCE/Datasets_Project/KmiDi/src/midi/MidiBuilder.cpp,src/midi/MidiBuilder.cpp,manual_review_required,0.9999,high_confidence_heuristic,approved_auto_apply
candidate_match,/Volumes/KmiDi-external/KmiDi_MASTER_VAULTEXTERNAL/KmiDi/legacy/RECOVERY_SOURCE/Datasets_Project/KmiDi/src/midi/MidiExporter.cpp,src/midi/MidiExporter.cpp,manual_review_required,0.9998,high_confidence_heuristic,approved_auto_apply
candidate_match,/Volumes/KmiDi-external/KmiDi_MASTER_VAULTEXTERNAL/KmiDi/legacy/RECOVERY_SOURCE/Datasets_Project/KmiDi/src/midi/MidiGenerator.cpp,src/midi/MidiGenerator.cpp,manual_review_required,0.9991,high_confidence_heuristic,approved_auto_apply
candidate_match,/Volumes/KmiDi-external/KmiDi_MASTER_VAULTEXTERNAL/KmiDi/legacy/RECOVERY_SOURCE/Datasets_Project/KmiDi/src/midi/MidiGenerator.h,src/midi/MidiGenerator.h,manual_review_required,0.9953,high_confidence_heuristic,approved_auto_apply
candidate_match,/Volumes/KmiDi-external/KmiDi_MASTER_VAULTEXTERNAL/KmiDi/legacy/RECOVERY_SOURCE/Datasets_Project/KmiDi/src/midi/MidiIO.cpp,src/midi/MidiIO.cpp,manual_review_required,0.9698,high_confidence_heuristic,approved_auto_apply
candidate_match,/Volumes/KmiDi-external/KmiDi_MASTER_VAULTEXTERNAL/KmiDi/legacy/RECOVERY_SOURCE/Datasets_Project/KmiDi/src/midi/MidiSequence.cpp,src/midi/MidiSequence.cpp,manual_review_required,0.9949,high_confidence_heuristic,approved_auto_apply
candidate_match,/Volumes/KmiDi-external/KmiDi_MASTER_VAULTEXTERNAL/KmiDi/legacy/RECOVERY_SOURCE/Datasets_Project/KmiDi/src/ml/MLBridge.cpp,src/ml/MLBridge.cpp,manual_review_required,1.0000,high_confidence_heuristic,approved_auto_apply
candidate_match,/Volumes/KmiDi-external/KmiDi_MASTER_VAULTEXTERNAL/KmiDi/legacy/RECOVERY_SOURCE/Datasets_Project/KmiDi/src/ml/MLBridge.h,src/ml/MLBridge.h,manual_review_required,1.0000,high_confidence_heuristic,approved_auto_apply
candidate_match,/Volumes/KmiDi-external/KmiDi_MASTER_VAULTEXTERNAL/KmiDi/legacy/RECOVERY_SOURCE/Datasets_Project/KmiDi/src/ml/NodeMLMapper.cpp,src/ml/NodeMLMapper.cpp,manual_review_required,0.9994,high_confidence_heuristic,approved_auto_apply
candidate_match,/Volumes/KmiDi-external/KmiDi_MASTER_VAULTEXTERNAL/KmiDi/legacy/RECOVERY_SOURCE/Datasets_Project/KmiDi/src/ml/NodeMLMapper.h,src/ml/NodeMLMapper.h,manual_review_required,0.9986,high_confidence_heuristic,approved_auto_apply
candidate_match,/Volumes/KmiDi-external/KmiDi_MASTER_VAULTEXTERNAL/KmiDi/legacy/RECOVERY_SOURCE/Datasets_Project/KmiDi/src/ml/ONNXInference.cpp,src/ml/ONNXInference.cpp,manual_review_required,0.9939,high_confidence_heuristic,approved_auto_apply
candidate_match,/Volumes/KmiDi-external/KmiDi_MASTER_VAULTEXTERNAL/KmiDi/legacy/RECOVERY_SOURCE/Datasets_Project/KmiDi/src/ml/ONNXInference.h,src/ml/ONNXInference.h,manual_review_required,0.9994,high_confidence_heuristic,approved_auto_apply
candidate_match,/Volumes/KmiDi-external/KmiDi_MASTER_VAULTEXTERNAL/KmiDi/legacy/RECOVERY_SOURCE/Datasets_Project/KmiDi/src/music_theory/MusicTheoryBrain.cpp,src/music_theory/MusicTheoryBrain.cpp,manual_review_required,0.9996,high_confidence_heuristic,approved_auto_apply
candidate_match,/Volumes/KmiDi-external/KmiDi_MASTER_VAULTEXTERNAL/KmiDi/legacy/RECOVERY_SOURCE/Datasets_Project/KmiDi/src/music_theory/Types.h,src/music_theory/Types.h,manual_review_required,0.9999,high_confidence_heuristic,approved_auto_apply
candidate_match,/Volumes/KmiDi-external/KmiDi_MASTER_VAULTEXTERNAL/KmiDi/legacy/RECOVERY_SOURCE/Datasets_Project/KmiDi/src/music_theory/core/CoreTheoryEngine.cpp,src/music_theory/core/CoreTheoryEngine.cpp,manual_review_required,0.9999,high_confidence_heuristic,approved_auto_apply
candidate_match,/Volumes/KmiDi-external/KmiDi_MASTER_VAULTEXTERNAL/KmiDi/legacy/RECOVERY_SOURCE/Datasets_Project/KmiDi/src/music_theory/core/CoreTheoryEngine.h,src/music_theory/core/CoreTheoryEngine.h,manual_review_required,0.9985,high_confidence_heuristic,approved_auto_apply
candidate_match,/Volumes/KmiDi-external/KmiDi_MASTER_VAULTEXTERNAL/KmiDi/legacy/RECOVERY_SOURCE/Datasets_Project/KmiDi/src/music_theory/knowledge/KnowledgeGraph.cpp,src/music_theory/knowledge/KnowledgeGraph.cpp,manual_review_required,0.9995,high_confidence_heuristic,approved_auto_apply
candidate_match,/Volumes/KmiDi-external/KmiDi_MASTER_VAULTEXTERNAL/KmiDi/legacy/RECOVERY_SOURCE/Datasets_Project/KmiDi/src/music_theory/knowledge/KnowledgeGraph.h,src/music_theory/knowledge/KnowledgeGraph.h,manual_review_required,0.9997,high_confidence_heuristic,approved_auto_apply
candidate_match,/Volumes/KmiDi-external/KmiDi_MASTER_VAULTEXTERNAL/KmiDi/legacy/RECOVERY_SOURCE/Datasets_Project/KmiDi/src/music_theory/rhythm/RhythmEngine.cpp,src/music_theory/rhythm/RhythmEngine.cpp,manual_review_required,0.9996,high_confidence_heuristic,approved_auto_apply
candidate_match,/Volumes/KmiDi-external/KmiDi_MASTER_VAULTEXTERNAL/KmiDi/legacy/RECOVERY_SOURCE/Datasets_Project/KmiDi/src/osc/OSCClient.cpp,src/osc/OSCClient.cpp,manual_review_required,0.9991,high_confidence_heuristic,approved_auto_apply
candidate_match,/Volumes/KmiDi-external/KmiDi_MASTER_VAULTEXTERNAL/KmiDi/legacy/RECOVERY_SOURCE/Datasets_Project/KmiDi/src/osc/OSCHub.cpp,src/osc/OSCHub.cpp,manual_review_required,0.9807,high_confidence_heuristic,approved_auto_apply
candidate_match,/Volumes/KmiDi-external/KmiDi_MASTER_VAULTEXTERNAL/KmiDi/legacy/RECOVERY_SOURCE/Datasets_Project/KmiDi/src/osc/OSCMessage.cpp,src/osc/OSCMessage.cpp,manual_review_required,0.9872,high_confidence_heuristic,approved_auto_apply
candidate_match,/Volumes/KmiDi-external/KmiDi_MASTER_VAULTEXTERNAL/KmiDi/legacy/RECOVERY_SOURCE/Datasets_Project/KmiDi/src/osc/OSCServer.cpp,src/osc/OSCServer.cpp,manual_review_required,0.9890,high_confidence_heuristic,approved_auto_apply
candidate_match,/Volumes/KmiDi-external/KmiDi_MASTER_VAULTEXTERNAL/KmiDi/legacy/RECOVERY_SOURCE/Datasets_Project/KmiDi/src/osc/RTMessageQueue.cpp,src/osc/RTMessageQueue.cpp,manual_review_required,0.9903,high_confidence_heuristic,approved_auto_apply
candidate_match,/Volumes/KmiDi-external/KmiDi_MASTER_VAULTEXTERNAL/KmiDi/legacy/RECOVERY_SOURCE/Datasets_Project/KmiDi/src/plugin/PluginEditor.cpp,src/plugin/PluginEditor.cpp,manual_review_required,0.9974,high_confidence_heuristic,approved_auto_apply
candidate_match,/Volumes/KmiDi-external/KmiDi_MASTER_VAULTEXTERNAL/KmiDi/legacy/RECOVERY_SOURCE/Datasets_Project/KmiDi/src/plugin/PluginEditor.h,src/plugin/PluginEditor.h,manual_review_required,0.9943,high_confidence_heuristic,approved_auto_apply
candidate_match,/Volumes/KmiDi-external/KmiDi_MASTER_VAULTEXTERNAL/KmiDi/legacy/RECOVERY_SOURCE/Datasets_Project/KmiDi/src/plugin/PluginProcessor.cpp,src/plugin/PluginProcessor.cpp,manual_review_required,0.9924,high_confidence_heuristic,approved_auto_apply
candidate_match,/Volumes/KmiDi-external/KmiDi_MASTER_VAULTEXTERNAL/KmiDi/legacy/RECOVERY_SOURCE/Datasets_Project/KmiDi/src/plugin/PluginProcessor.h,src/plugin/PluginProcessor.h,manual_review_required,0.9889,high_confidence_heuristic,approved_auto_apply
candidate_match,/Volumes/KmiDi-external/KmiDi_MASTER_VAULTEXTERNAL/KmiDi/legacy/RECOVERY_SOURCE/Datasets_Project/KmiDi/src/project/ProjectFile.cpp,src/project/ProjectFile.cpp,manual_review_required,0.9889,high_confidence_heuristic,approved_auto_apply
candidate_match,/Volumes/KmiDi-external/KmiDi_MASTER_VAULTEXTERNAL/KmiDi/legacy/RECOVERY_SOURCE/Datasets_Project/KmiDi/src/ui/AIGenerationDialog.cpp,src/ui/AIGenerationDialog.cpp,manual_review_required,0.9984,high_confidence_heuristic,approved_auto_apply
candidate_match,/Volumes/KmiDi-external/KmiDi_MASTER_VAULTEXTERNAL/KmiDi/legacy/RECOVERY_SOURCE/Datasets_Project/KmiDi/src/ui/AIGenerationDialog.h,src/ui/AIGenerationDialog.h,manual_review_required,0.9987,high_confidence_heuristic,approved_auto_apply
candidate_match,/Volumes/KmiDi-external/KmiDi_MASTER_VAULTEXTERNAL/KmiDi/legacy/RECOVERY_SOURCE/Datasets_Project/KmiDi/src/ui/ChordDisplay.cpp,src/ui/ChordDisplay.cpp,manual_review_required,0.9982,high_confidence_heuristic,approved_auto_apply
candidate_match,/Volumes/KmiDi-external/KmiDi_MASTER_VAULTEXTERNAL/KmiDi/legacy/RECOVERY_SOURCE/Datasets_Project/KmiDi/src/ui/EmotionRadar.cpp,src/ui/EmotionRadar.cpp,manual_review_required,0.9992,high_confidence_heuristic,approved_auto_apply
candidate_match,/Volumes/KmiDi-external/KmiDi_MASTER_VAULTEXTERNAL/KmiDi/legacy/RECOVERY_SOURCE/Datasets_Project/KmiDi/src/ui/EmotionWheel.cpp,src/ui/EmotionWheel.cpp,manual_review_required,0.9995,high_confidence_heuristic,approved_auto_apply
candidate_match,/Volumes/KmiDi-external/KmiDi_MASTER_VAULTEXTERNAL/KmiDi/legacy/RECOVERY_SOURCE/Datasets_Project/KmiDi/src/ui/EmotionWorkstation.cpp,src/ui/EmotionWorkstation.cpp,manual_review_required,0.9878,high_confidence_heuristic,approved_auto_apply
candidate_match,/Volumes/KmiDi-external/KmiDi_MASTER_VAULTEXTERNAL/KmiDi/legacy/RECOVERY_SOURCE/Datasets_Project/KmiDi/src/ui/EmotionWorkstation.h,src/ui/EmotionWorkstation.h,manual_review_required,0.9924,high_confidence_heuristic,approved_auto_apply
candidate_match,/Volumes/KmiDi-external/KmiDi_MASTER_VAULTEXTERNAL/KmiDi/legacy/RECOVERY_SOURCE/Datasets_Project/KmiDi/src/ui/GenerateButton.cpp,src/ui/GenerateButton.cpp,manual_review_required,0.9997,high_confidence_heuristic,approved_auto_apply
candidate_match,/Volumes/KmiDi-external/KmiDi_MASTER_VAULTEXTERNAL/KmiDi/legacy/RECOVERY_SOURCE/Datasets_Project/KmiDi/src/ui/KellyLookAndFeel.cpp,src/ui/KellyLookAndFeel.cpp,manual_review_required,0.9992,high_confidence_heuristic,approved_auto_apply
candidate_match,/Volumes/KmiDi-external/KmiDi_MASTER_VAULTEXTERNAL/KmiDi/legacy/RECOVERY_SOURCE/Datasets_Project/KmiDi/src/ui/LyricDisplay.cpp,src/ui/LyricDisplay.cpp,manual_review_required,0.9970,high_confidence_heuristic,approved_auto_apply
candidate_match,/Volumes/KmiDi-external/KmiDi_MASTER_VAULTEXTERNAL/KmiDi/legacy/RECOVERY_SOURCE/Datasets_Project/KmiDi/src/ui/MidiEditor.cpp,src/ui/MidiEditor.cpp,manual_review_required,0.9998,high_confidence_heuristic,approved_auto_apply
candidate_match,/Volumes/KmiDi-external/KmiDi_MASTER_VAULTEXTERNAL/KmiDi/legacy/RECOVERY_SOURCE/Datasets_Project/KmiDi/src/ui/MidiKompanionLookAndFeel.cpp,src/ui/MidiKompanionLookAndFeel.cpp,manual_review_required,0.9992,high_confidence_heuristic,approved_auto_apply
candidate_match,/Volumes/KmiDi-external/KmiDi_MASTER_VAULTEXTERNAL/KmiDi/legacy/RECOVERY_SOURCE/Datasets_Project/KmiDi/src/ui/MixerConsolePanel.cpp,src/ui/MixerConsolePanel.cpp,manual_review_required,0.9935,high_confidence_heuristic,approved_auto_apply
candidate_match,/Volumes/KmiDi-external/KmiDi_MASTER_VAULTEXTERNAL/KmiDi/legacy/RECOVERY_SOURCE/Datasets_Project/KmiDi/src/ui/MixerConsolePanel.h,src/ui/MixerConsolePanel.h,manual_review_required,0.9998,high_confidence_heuristic,approved_auto_apply
candidate_match,/Volumes/KmiDi-external/KmiDi_MASTER_VAULTEXTERNAL/KmiDi/legacy/RECOVERY_SOURCE/Datasets_Project/KmiDi/src/ui/MusicTheoryPanel.cpp,src/ui/MusicTheoryPanel.cpp,manual_review_required,0.9991,high_confidence_heuristic,approved_auto_apply
candidate_match,/Volumes/KmiDi-external/KmiDi_MASTER_VAULTEXTERNAL/KmiDi/legacy/RECOVERY_SOURCE/Datasets_Project/KmiDi/src/ui/PianoRollPreview.cpp,src/ui/PianoRollPreview.cpp,manual_review_required,0.9937,high_confidence_heuristic,approved_auto_apply
candidate_match,/Volumes/KmiDi-external/KmiDi_MASTER_VAULTEXTERNAL/KmiDi/legacy/RECOVERY_SOURCE/Datasets_Project/KmiDi/src/ui/ScoreEntryPanel.cpp,src/ui/ScoreEntryPanel.cpp,manual_review_required,0.9956,high_confidence_heuristic,approved_auto_apply
candidate_match,/Volumes/KmiDi-external/KmiDi_MASTER_VAULTEXTERNAL/KmiDi/legacy/RECOVERY_SOURCE/Datasets_Project/KmiDi/src/ui/ScoreEntryPanel.h,src/ui/ScoreEntryPanel.h,manual_review_required,0.9989,high_confidence_heuristic,approved_auto_apply
candidate_match,/Volumes/KmiDi-external/KmiDi_MASTER_VAULTEXTERNAL/KmiDi/legacy/RECOVERY_SOURCE/Datasets_Project/KmiDi/src/ui/SidePanel.cpp,src/ui/SidePanel.cpp,manual_review_required,0.9892,high_confidence_heuristic,approved_auto_apply
candidate_match,/Volumes/KmiDi-external/KmiDi_MASTER_VAULTEXTERNAL/KmiDi/legacy/RECOVERY_SOURCE/Datasets_Project/KmiDi/src/ui/SuggestionOverlay.cpp,src/ui/SuggestionOverlay.cpp,manual_review_required,0.9995,high_confidence_heuristic,approved_auto_apply
candidate_match,/Volumes/KmiDi-external/KmiDi_MASTER_VAULTEXTERNAL/KmiDi/legacy/RECOVERY_SOURCE/Datasets_Project/KmiDi/src/ui/SuggestionOverlay.h,src/ui/SuggestionOverlay.h,manual_review_required,0.9980,high_confidence_heuristic,approved_auto_apply
candidate_match,/Volumes/KmiDi-external/KmiDi_MASTER_VAULTEXTERNAL/KmiDi/legacy/RECOVERY_SOURCE/Datasets_Project/KmiDi/src/ui/TooltipComponent.cpp,src/ui/TooltipComponent.cpp,manual_review_required,0.9746,high_confidence_heuristic,approved_auto_apply
candidate_match,/Volumes/KmiDi-external/KmiDi_MASTER_VAULTEXTERNAL/KmiDi/legacy/RECOVERY_SOURCE/Datasets_Project/KmiDi/src/ui/VocalControlPanel.cpp,src/ui/VocalControlPanel.cpp,manual_review_required,0.9999,high_confidence_heuristic,approved_auto_apply
candidate_match,/Volumes/KmiDi-external/KmiDi_MASTER_VAULTEXTERNAL/KmiDi/legacy/RECOVERY_SOURCE/Datasets_Project/KmiDi/src/ui/WorkstationPanel.cpp,src/ui/WorkstationPanel.cpp,manual_review_required,0.9989,high_confidence_heuristic,approved_auto_apply
candidate_match,/Volumes/KmiDi-external/KmiDi_MASTER_VAULTEXTERNAL/KmiDi/legacy/RECOVERY_SOURCE/Datasets_Project/KmiDi/src/ui/theory/ConceptBrowser.h,src/ui/theory/ConceptBrowser.h,manual_review_required,0.9997,high_confidence_heuristic,approved_auto_apply
candidate_match,/Volumes/KmiDi-external/KmiDi_MASTER_VAULTEXTERNAL/KmiDi/legacy/RECOVERY_SOURCE/Datasets_Project/KmiDi/src/ui/theory/LearningPanel.cpp,src/ui/theory/LearningPanel.cpp,manual_review_required,0.9940,high_confidence_heuristic,approved_auto_apply
candidate_match,/Volumes/KmiDi-external/KmiDi_MASTER_VAULTEXTERNAL/KmiDi/legacy/RECOVERY_SOURCE/Datasets_Project/KmiDi/src/ui/theory/LearningPanel.h,src/ui/theory/LearningPanel.h,manual_review_required,0.9992,high_confidence_heuristic,approved_auto_apply
candidate_match,/Volumes/KmiDi-external/KmiDi_MASTER_VAULTEXTERNAL/KmiDi/legacy/RECOVERY_SOURCE/Datasets_Project/KmiDi/src/voice/CMUDictionary.cpp,src/voice/CMUDictionary.cpp,manual_review_required,1.0000,high_confidence_heuristic,approved_auto_apply
candidate_match,/Volumes/KmiDi-external/KmiDi_MASTER_VAULTEXTERNAL/KmiDi/legacy/RECOVERY_SOURCE/Datasets_Project/KmiDi/src/voice/MultiVoiceHarmony.cpp,src/voice/MultiVoiceHarmony.cpp,manual_review_required,0.9998,high_confidence_heuristic,approved_auto_apply
candidate_match,/Volumes/KmiDi-external/KmiDi_MASTER_VAULTEXTERNAL/KmiDi/legacy/RECOVERY_SOURCE/Datasets_Project/KmiDi/src/voice/VoiceCloner.cpp,src/voice/VoiceCloner.cpp,manual_review_required,0.9990,high_confidence_heuristic,approved_auto_apply
candidate_match,/Volumes/KmiDi-external/KmiDi_MASTER_VAULTEXTERNAL/KmiDi/legacy/RECOVERY_SOURCE/Datasets_Project/KmiDi/src/voice/VoiceSynthesizer.cpp,src/voice/VoiceSynthesizer.cpp,manual_review_required,0.9999,high_confidence_heuristic,approved_auto_apply
candidate_match,/Volumes/KmiDi-external/KmiDi_MASTER_VAULTEXTERNAL/KmiDi/legacy/RECOVERY_SOURCE/Datasets_Project/KmiDi/src/voice/VoiceSynthesizer.h,src/voice/VoiceSynthesizer.h,manual_review_required,0.9998,high_confidence_heuristic,approved_auto_apply
candidate_match,/Volumes/KmiDi-external/KmiDi_MASTER_VAULTEXTERNAL/KmiDi/legacy/RECOVERY_SOURCE/Datasets_Project/KmiDi/src_penta-core/CMakeLists.txt,src_penta-core/CMakeLists.txt,manual_review_required,0.9945,high_confidence_heuristic,approved_auto_apply
candidate_match,/Volumes/KmiDi-external/KmiDi_MASTER_VAULTEXTERNAL/KmiDi/legacy/RECOVERY_SOURCE/Datasets_Project/KmiDi/src_penta-core/diagnostics/PerformanceMonitor.cpp,src_penta-core/diagnostics/PerformanceMonitor.cpp,manual_review_required,0.9922,high_confidence_heuristic,approved_auto_apply
candidate_match,/Volumes/KmiDi-external/KmiDi_MASTER_VAULTEXTERNAL/KmiDi/legacy/RECOVERY_SOURCE/Datasets_Project/KmiDi/src_penta-core/groove/GrooveEngine.cpp,src_penta-core/groove/GrooveEngine.cpp,manual_review_required,0.9935,high_confidence_heuristic,approved_auto_apply
candidate_match,/Volumes/KmiDi-external/KmiDi_MASTER_VAULTEXTERNAL/KmiDi/legacy/RECOVERY_SOURCE/Datasets_Project/KmiDi/src_penta-core/groove/OnsetDetector.cpp,src_penta-core/groove/OnsetDetector.cpp,manual_review_required,0.9874,high_confidence_heuristic,approved_auto_apply
candidate_match,/Volumes/KmiDi-external/KmiDi_MASTER_VAULTEXTERNAL/KmiDi/legacy/RECOVERY_SOURCE/Datasets_Project/KmiDi/src_penta-core/groove/RhythmQuantizer.cpp,src_penta-core/groove/RhythmQuantizer.cpp,manual_review_required,0.9869,high_confidence_heuristic,approved_auto_apply
candidate_match,/Volumes/KmiDi-external/KmiDi_MASTER_VAULTEXTERNAL/KmiDi/legacy/RECOVERY_SOURCE/Datasets_Project/KmiDi/src_penta-core/osc/OSCClient.cpp,src_penta-core/osc/OSCClient.cpp,manual_review_required,0.9967,high_confidence_heuristic,approved_auto_apply
candidate_match,/Volumes/KmiDi-external/KmiDi_MASTER_VAULTEXTERNAL/KmiDi/legacy/RECOVERY_SOURCE/Datasets_Project/KmiDi/src_penta-core/osc/OSCMessage.cpp,src_penta-core/osc/OSCMessage.cpp,manual_review_required,0.9865,high_confidence_heuristic,approved_auto_apply
candidate_match,/Volumes/KmiDi-external/KmiDi_MASTER_VAULTEXTERNAL/KmiDi/legacy/RECOVERY_SOURCE/Datasets_Project/KmiDi/src_penta-core/osc/OSCServer.cpp,src_penta-core/osc/OSCServer.cpp,manual_review_required,0.9898,high_confidence_heuristic,approved_auto_apply
candidate_match,/Volumes/KmiDi-external/KmiDi_MASTER_VAULTEXTERNAL/KmiDi/legacy/RECOVERY_SOURCE/Datasets_Project/KmiDi/src_penta-core/osc/RTMessageQueue.cpp,src_penta-core/osc/RTMessageQueue.cpp,manual_review_required,0.9923,high_confidence_heuristic,approved_auto_apply
candidate_match,/Volumes/KmiDi-external/KmiDi_MASTER_VAULTEXTERNAL/KmiDi/legacy/RECOVERY_SOURCE/Datasets_Project/KmiDi/tailwind.config.js,tailwind.config.js,manual_review_required,0.9544,high_confidence_heuristic,approved_auto_apply
candidate_match,/Volumes/KmiDi-external/KmiDi_MASTER_VAULTEXTERNAL/KmiDi/legacy/RECOVERY_SOURCE/Datasets_Project/KmiDi/tests/conftest.py,tests/conftest.py,manual_review_required,0.9923,high_confidence_heuristic,approved_auto_apply
candidate_match,/Volumes/KmiDi-external/KmiDi_MASTER_VAULTEXTERNAL/KmiDi/legacy/RECOVERY_SOURCE/Datasets_Project/KmiDi/vite.config.ts,vite.config.ts,manual_review_required,0.9730,high_confidence_heuristic,approved_auto_apply
